0, 0, 18681, 37362, -1, -1, -1, -1
1, 49.7578, 4603, 9206, -1, -1, -1, -1
2, 0.0577058, 4859, 28976, -1, -1, -1, -1
3, 12.667, 26044, 139414, 1.08764e+08, 10025.6, 0, -1
7, 9.51945, 4927, 29396, 6010.43, 13.8358, -1, -1
6, 0.150297, 17392, 93059, 6010.43, 11.1477, -1, -1
7, 3.42286, 7813, 44237, 6010.43, 8.84556, -1, -1
8, 0.654798, 7813, 41536, 780.656, 7.02953, -1, -1
9, 3.02867, 7813, 41536, 297.686, 6.24335, -1, -1
6, 0.0552444, 10031, 52077, 297.686, 5.8793, -1, -1
7, 2.43167, 7820, 41853, 113.446, 6.01612, -1, -1
8, 0.479663, 7820, 41552, 94.6199, 5.85505, -1, -1
9, 2.65503, 7820, 41552, 94.6199, 5.69189, -1, -1
6, 0.0458301, 9164, 47429, 94.6199, 5.51302, -1, -1
7, 1.76165, 7842, 41705, 94.6199, 5.66129, -1, -1
8, 0.397993, 7842, 41628, 94.6199, 5.60658, -1, -1
9, 2.302, 7842, 41628, 94.6199, 5.5417, -1, -1
6, 0.250352, 28902, 152836, 94.6199, 4.88105, -1, -1
7, 4.24378, 15267, 84233, 84.1642, 4.56547, -1, -1
8, 0.991808, 15267, 83763, 65.797, 4.45245, -1, -1
9, 3.81709, 15267, 83763, 61.1217, 4.20465, -1, -1
6, 0.108198, 20679, 109546, 61.1217, 4.21684, -1, -1
7, 4.5266, 15079, 82883, 61.1217, 4.19417, -1, -1
8, 1.54806, 15079, 82758, 61.1217, 4.16008, -1, -1
9, 3.697, 15079, 82758, 55.9967, 4.06849, -1, -1
6, 0.0931742, 18748, 99648, 55.9967, 4.09472, -1, -1
7, 2.47347, 14863, 81550, 55.9967, 4.07666, -1, -1
8, 0.982315, 14863, 81494, 55.9967, 4.05746, -1, -1
9, 3.03541, 14863, 81494, 55.8286, 4.00719, -1, -1
6, 0.574355, 59848, 322018, 77.1561, 4.40271, -1, -1
7, 6.52221, 32209, 181779, 39.7638, 3.96714, -1, -1
8, 2.3362, 32209, 181134, 19.6351, 3.92671, -1, -1
9, 5.26029, 32209, 181134, 19.5779, 3.71028, -1, -1
6, 0.336274, 43752, 237605, 19.5779, 3.84112, -1, -1
7, 5.54848, 31874, 179651, 15.5043, 3.70743, -1, -1
8, 3.80682, 31874, 179483, 14.6846, 3.69995, -1, -1
9, 5.02162, 31874, 179483, 14.6846, 3.62178, -1, -1
6, 0.260283, 39368, 215462, 14.6846, 3.72467, -1, -1
7, 3.48755, 31512, 177675, 14.6846, 3.63008, -1, -1
8, 2.45457, 31512, 177632, 14.6846, 3.62755, -1, -1
9, 4.43922, 31512, 177632, 14.6841, 3.5889, -1, -1
6, 0.519481, 60659, 332709, 19.0748, 3.94839, -1, -1
7, 6.64666, 42537, 240159, 14.6841, 3.71334, -1, -1
8, 4.09665, 42537, 239968, 10.6168, 3.70413, -1, -1
9, 4.94012, 42537, 239968, 8.22355, 3.60786, -1, -1
6, 0.276273, 51373, 283737, 9.38567, 3.71419, -1, -1
7, 5.79758, 42164, 238287, 8.69566, 3.61447, -1, -1
8, 3.8444, 42164, 238217, 8.69566, 3.61187, -1, -1
9, 4.81815, 42164, 238217, 8.03186, 3.57391, -1, -1
6, 0.338166, 51237, 285764, 11.8973, 3.69184, -1, -1
7, 7.41558, 44608, 252085, 8.44858, 3.61011, -1, -1
8, 3.85778, 44608, 252051, 8.21076, 3.60791, -1, -1
9, 4.01816, 44608, 252051, 6.98009, 3.57293, -1, -1
7, 7.4839, 43656, 246849, 6.3974, 3.56917, -1, -1
4, 152.747, 43656, 246849, 6.3974, 3.56917, -1, -1
5, 14.5917, 23095, 103079, 5.63227, 3.56951, -1, -1
0, 0, 20621, 41238, -1, -1, -1, -1
1, 75.514, 2136, 4268, -1, -1, -1, -1
2, 0.0339209, 2496, 14733, -1, -1, -1, -1
3, 10.2842, 28461, 151662, 6.06823e+08, 97366.5, 0, -1
7, 14.4485, 3071, 18433, 2351.02, 12.0927, -1, -1
6, 0.141911, 15799, 80415, 2351.02, 8.73388, -1, -1
7, 4.35621, 6365, 34686, 912.493, 6.80303, -1, -1
8, 0.477323, 6365, 33072, 586.424, 5.48804, -1, -1
9, 3.6913, 6365, 33072, 375.212, 4.85748, -1, -1
6, 0.0611363, 8727, 43481, 375.212, 4.7526, -1, -1
7, 3.25833, 6197, 32692, 127.24, 4.70519, -1, -1
8, 0.346102, 6197, 32528, 43.7528, 4.57526, -1, -1
9, 3.46785, 6197, 32528, 38.8008, 4.44744, -1, -1
6, 0.050696, 7746, 38481, 38.8008, 4.41763, -1, -1
7, 2.23265, 6111, 32297, 38.8008, 4.43661, -1, -1
8, 0.327582, 6111, 32234, 38.8008, 4.39446, -1, -1
9, 2.88678, 6111, 32234, 38.8008, 4.34033, -1, -1
6, 0.246024, 28461, 148627, 34.8875, 4.49645, -1, -1
7, 4.79113, 14115, 77214, 24.831, 3.99335, -1, -1
8, 0.899609, 14115, 76811, 22.3167, 3.94035, -1, -1
9, 4.86242, 14115, 76811, 19.6284, 3.72317, -1, -1
6, 0.114105, 20192, 105104, 19.6284, 3.84667, -1, -1
7, 2.3516, 14085, 76898, 19.6284, 3.71567, -1, -1
8, 0.850648, 14085, 76833, 19.6284, 3.70558, -1, -1
9, 4.23613, 14085, 76833, 19.3663, 3.62465, -1, -1
6, 0.161078, 25392, 135299, 19.3967, 3.9215, -1, -1
7, 2.90285, 17713, 97452, 13.6797, 3.71346, -1, -1
8, 1.12431, 17713, 97393, 11.5387, 3.70494, -1, -1
9, 4.4113, 17713, 97393, 9.25345, 3.60401, -1, -1
6, 0.0831209, 21806, 116404, 10.8033, 3.7044, -1, -1
7, 2.07633, 17462, 96269, 8.25072, 3.61026, -1, -1
8, 1.07869, 17462, 96260, 7.0404, 3.60792, -1, -1
9, 3.79884, 17462, 96260, 5.89272, 3.56636, -1, -1
7, 2.10145, 17057, 94105, 5.74074, 3.56461, -1, -1
4, 73.8598, 17057, 94105, 5.74074, 3.56461, -1, -1
5, 3.01229, 6704, 27006, 5.74074, 3.60606, -1, -1
0, 0, 16332, 32664, -1, -1, -1, -1
1, 69.8215, 590, 1180, -1, -1, -1, -1
2, 0.0230695, 878, 4594, -1, -1, -1, -1
3, 4.34592, 3852, 19988, 976022, 528.947, 0, -1
7, 3.98209, 959, 5040, 350.115, 8.47337, -1, -1
6, 0.105767, 9062, 43549, 336.392, 5.89685, -1, -1
7, 3.52396, 3415, 16690, 253.109, 4.65378, -1, -1
8, 0.218221, 3415, 16422, 47.5039, 4.29326, -1, -1
9, 2.98513, 3415, 16422, 31.226, 3.93955, -1, -1
6, 0.0490713, 5710, 26631, 31.226, 4.06013, -1, -1
7, 2.40282, 3643, 17720, 29.4842, 3.89253, -1, -1
8, 0.256104, 3643, 17683, 29.4842, 3.86082, -1, -1
9, 2.63657, 3643, 17683, 29.405, 3.7587, -1, -1
6, 0.0331047, 5060, 23369, 29.405, 3.847, -1, -1
7, 1.32156, 3618, 17631, 29.405, 3.74758, -1, -1
8, 0.202302, 3618, 17616, 29.405, 3.73349, -1, -1
9, 2.53868, 3618, 17616, 29.1605, 3.68752, -1, -1
6, 0.0933485, 10705, 53379, 31.3865, 4.10327, -1, -1
7, 1.98294, 6275, 32091, 18.9664, 3.80312, -1, -1
8, 0.369195, 6275, 32056, 17.1847, 3.78614, -1, -1
9, 2.84971, 6275, 32056, 13.9439, 3.64553, -1, -1
6, 0.0572235, 8671, 42732, 14.6825, 3.77374, -1, -1
7, 1.20262, 6156, 31522, 13.9439, 3.64495, -1, -1
8, 0.368356, 6156, 31504, 13.9439, 3.64132, -1, -1
9, 2.50544, 6156, 31504, 13.7976, 3.58739, -1, -1
6, 0.0653442, 8997, 45405, 17.6852, 3.8239, -1, -1
7, 1.02226, 6930, 35989, 17.3471, 3.65995, -1, -1
8, 0.407373, 6930, 35987, 17.3471, 3.65495, -1, -1
9, 2.30658, 6930, 35987, 17.0343, 3.59572, -1, -1
6, 0.0533083, 8153, 41026, 17.0343, 3.67097, -1, -1
7, 0.812272, 6859, 35645, 12.0775, 3.60189, -1, -1
8, 0.393145, 6859, 35634, 9.74537, 3.59965, -1, -1
9, 2.26266, 6859, 35634, 9.2617, 3.57574, -1, -1
6, 0.0506508, 7897, 39685, 10.3863, 3.63858, -1, -1
7, 0.730134, 6811, 35417, 9.2617, 3.58183, -1, -1
8, 0.433399, 6811, 35418, 9.2617, 3.58123, -1, -1
9, 1.94788, 6811, 35418, 8.46679, 3.56656, -1, -1
6, 0.0449873, 7760, 38990, 10.09, 3.62048, -1, -1
7, 0.688793, 6792, 35304, 8.46679, 3.56953, -1, -1
8, 0.407781, 6792, 35307, 8.46679, 3.56934, -1, -1
9, 1.8224, 6792, 35307, 8.47075, 3.56125, -1, -1
6, 0.0553857, 9087, 46276, 10.9898, 3.75197, -1, -1
7, 0.858164, 7460, 39025, 8.04999, 3.6277, -1, -1
8, 0.434603, 7460, 39015, 8.04999, 3.62525, -1, -1
9, 1.8908, 7460, 39015, 6.61879, 3.58453, -1, -1
7, 0.586344, 7314, 38222, 6.31239, 3.58002, -1, -1
4, 47.9071, 7314, 38222, 6.31239, 3.58002, -1, -1
5, 0.340597, 2987, 12532, 6.31239, 3.59086, -1, -1
0, 0, 17157, 34314, -1, -1, -1, -1
1, 76.487, 1568, 3136, -1, -1, -1, -1
2, 0.023202, 1795, 10169, -1, -1, -1, -1
3, 6.70875, 7752, 40680, 8.10375e+08, 63110.7, 0, -1
7, 7.19475, 1561, 8819, 579.391, 7.31672, -1, -1
6, 0.10093, 8130, 39553, 579.391, 6.22464, -1, -1
7, 2.67461, 3491, 17852, 579.391, 5.12717, -1, -1
8, 0.205003, 3491, 17374, 352.716, 4.66813, -1, -1
9, 2.88234, 3491, 17374, 352.716, 4.40464, -1, -1
6, 0.0311884, 5358, 25323, 352.716, 4.3838, -1, -1
7, 1.50026, 3476, 17645, 35.7269, 4.27778, -1, -1
8, 0.204213, 3476, 17602, 35.7269, 4.25665, -1, -1
9, 2.48845, 3476, 17602, 35.7269, 4.17075, -1, -1
6, 0.0378873, 4788, 22424, 35.7269, 4.17318, -1, -1
7, 1.0067, 3471, 17598, 35.7269, 4.16321, -1, -1
8, 0.187818, 3471, 17579, 35.7269, 4.15432, -1, -1
9, 2.02379, 3471, 17579, 35.7269, 4.11439, -1, -1
6, 0.174774, 15834, 81173, 28.215, 4.36374, -1, -1
7, 3.28788, 8197, 43633, 18.2829, 3.98158, -1, -1
8, 0.490662, 8197, 43537, 18.2829, 3.95078, -1, -1
9, 3.46523, 8197, 43537, 18.2829, 3.7785, -1, -1
6, 0.0817026, 11884, 60452, 18.2829, 3.90525, -1, -1
7, 2.05828, 8239, 43838, 18.2829, 3.76424, -1, -1
8, 0.478957, 8239, 43803, 18.2829, 3.75703, -1, -1
9, 3.18118, 8239, 43803, 18.2829, 3.6864, -1, -1
6, 0.125953, 13910, 72766, 17.053, 3.93341, -1, -1
7, 2.20662, 9919, 53630, 17.053, 3.75136, -1, -1
8, 0.585264, 9919, 53616, 17.053, 3.74256, -1, -1
9, 3.22843, 9919, 53616, 16.5966, 3.67331, -1, -1
6, 0.0741408, 12043, 63125, 16.5966, 3.76375, -1, -1
7, 1.57756, 9750, 52867, 16.5966, 3.6728, -1, -1
8, 0.5895, 9750, 52847, 9.11742, 3.66941, -1, -1
9, 2.77138, 9750, 52847, 8.49363, 3.64094, -1, -1
6, 0.0725721, 11467, 60197, 8.49363, 3.71752, -1, -1
7, 1.35324, 9723, 52706, 6.65437, 3.64567, -1, -1
8, 0.563805, 9723, 52698, 6.65437, 3.64466, -1, -1
9, 2.38445, 9723, 52698, 6.28913, 3.6297, -1, -1
7, 1.0858, 9586, 51987, 5.81236, 3.62783, -1, -1
4, 51.9666, 9586, 51987, 5.81236, 3.62783, -1, -1
5, 1.12096, 3632, 10687, 5.74145, 3.84539, -1, -1
0, 0, 6933, 13882, -1, -1, -1, -1
1, 15.4802, 1596, 3206, -1, -1, -1, -1
2, 0.0175108, 1662, 10930, -1, -1, -1, -1
3, 3.49686, 8728, 48202, 7.24837e+07, 5268.15, 0, -1
7, 4.37249, 1633, 10880, 6473.59, 23.4406, -1, -1
6, 0.18068, 4316, 24032, 6473.59, 17.962, -1, -1
7, 1.29287, 2375, 14238, 6473.59, 16.9772, -1, -1
8, 0.257992, 2375, 12441, 709.276, 8.72531, -1, -1
9, 0.771447, 2375, 12441, 650.914, 7.75142, -1, -1
6, 0.0135001, 2699, 13859, 650.914, 7.51618, -1, -1
7, 1.6114, 2293, 11960, 116.72, 7.47309, -1, -1
8, 0.139587, 2293, 11839, 77.4921, 7.15273, -1, -1
9, 0.658748, 2293, 11839, 76.9422, 6.98304, -1, -1
6, 0.0122289, 2509, 12784, 76.9422, 6.84262, -1, -1
7, 0.799327, 2288, 11765, 76.9422, 6.96516, -1, -1
8, 0.335614, 2288, 11712, 76.9422, 6.81542, -1, -1
9, 0.616178, 2288, 11712, 76.9422, 6.75255, -1, -1
6, 0.0830656, 9617, 48942, 67.3591, 5.66914, -1, -1
7, 2.34109, 4587, 23909, 53.5821, 4.96838, -1, -1
8, 0.293063, 4587, 23697, 37.7586, 4.77456, -1, -1
9, 0.812765, 4587, 23697, 37.7586, 4.47862, -1, -1
6, 0.0368109, 6698, 33387, 37.7586, 4.44413, -1, -1
7, 1.05597, 4579, 23594, 37.7586, 4.44045, -1, -1
8, 0.75869, 4579, 23499, 37.7586, 4.37567, -1, -1
9, 0.988509, 4579, 23499, 37.7586, 4.26729, -1, -1
6, 0.462228, 21276, 112727, 37.7586, 4.45621, -1, -1
7, 2.08477, 10930, 60251, 25.5709, 4.01708, -1, -1
8, 0.721834, 10930, 60023, 23.915, 3.97604, -1, -1
9, 1.33272, 10930, 60023, 16.0694, 3.75223, -1, -1
6, 0.0910866, 15243, 81278, 18.3926, 3.87665, -1, -1
7, 1.36658, 10848, 59692, 13.1069, 3.74969, -1, -1
8, 0.678023, 10848, 59666, 12.2902, 3.74077, -1, -1
9, 1.2292, 10848, 59666, 12.2337, 3.65808, -1, -1
6, 0.0653181, 13609, 73006, 12.2337, 3.76331, -1, -1
7, 0.910228, 10739, 59127, 12.2337, 3.66954, -1, -1
8, 0.689703, 10739, 59107, 12.2337, 3.66579, -1, -1
9, 1.22333, 10739, 59107, 12.2264, 3.62305, -1, -1
6, 0.151284, 20661, 111899, 15.3726, 3.95594, -1, -1
7, 1.77255, 14514, 80506, 12.6038, 3.74185, -1, -1
8, 0.996524, 14514, 80436, 9.76099, 3.73058, -1, -1
9, 1.44663, 14514, 80436, 8.28527, 3.62322, -1, -1
6, 0.0787417, 17476, 95239, 8.50667, 3.72752, -1, -1
7, 1.32715, 14241, 79069, 8.28527, 3.62888, -1, -1
8, 0.902972, 14241, 79043, 8.28527, 3.62601, -1, -1
9, 1.25222, 14241, 79043, 8.28527, 3.58365, -1, -1
6, 0.0990241, 19511, 106997, 14.2235, 3.76133, -1, -1
7, 1.95421, 15868, 88224, 7.61781, 3.64268, -1, -1
8, 1.05133, 15868, 88199, 7.44353, 3.63916, -1, -1
9, 1.15356, 15868, 88199, 7.00907, 3.5868, -1, -1
6, 0.0610655, 17905, 98438, 8.97753, 3.66245, -1, -1
7, 1.53497, 15742, 87618, 6.76978, 3.5946, -1, -1
8, 1.17245, 15742, 87608, 6.76978, 3.59316, -1, -1
9, 1.0103, 15742, 87608, 6.34381, 3.56949, -1, -1
7, 1.7459, 15485, 86210, 6.34381, 3.56761, -1, -1
4, 47.8563, 15485, 86210, 6.34381, 3.56761, -1, -1
5, 1.06021, 5753, 22743, 5.70539, 3.58573, -1, -1
0, 0, 11677, 23350, -1, -1, -1, -1
1, 31.668, 2713, 5422, -1, -1, -1, -1
2, 0.131595, 2889, 18116, -1, -1, -1, -1
3, 6.70598, 11364, 62420, 3.51982e+10, 3.78976e+06, 2, -1
7, 5.59788, 2716, 16935, 2.02078e+10, 9.86685e+06, -1, -1
3, 0.0889435, 2716, 16935, 2.02078e+10, 9.86685e+06, 2, -1
6, 0.0675787, 9585, 51278, 3.69226e+10, 5.99236e+06, -1, -1
7, 2.07423, 4210, 24306, 2.02078e+10, 5.2157e+06, -1, -1
8, 0.352206, 4210, 22918, 318.017, 5.70122, -1, -1
9, 2.33986, 4210, 22918, 318.017, 5.06021, -1, -1
6, 0.0303551, 6168, 31846, 318.017, 4.87549, -1, -1
7, 2.67849, 4360, 23569, 318.017, 4.86343, -1, -1
8, 0.248528, 4360, 23422, 318.017, 4.72822, -1, -1
9, 1.63475, 4360, 23422, 318.017, 4.58967, -1, -1
6, 0.14335, 16554, 86902, 318.017, 4.56958, -1, -1
7, 2.69534, 8811, 48213, 318.017, 4.12512, -1, -1
8, 0.546126, 8811, 48033, 318.017, 4.04665, -1, -1
9, 1.9841, 8811, 48033, 318.017, 3.84326, -1, -1
3, 0.0947369, 8814, 48048, 318.017, 3.84765, 0, -1
6, 0.060111, 11815, 62208, 318.017, 3.93497, -1, -1
7, 1.49301, 8709, 47472, 318.017, 3.83268, -1, -1
8, 0.552916, 8709, 47433, 318.017, 3.81337, -1, -1
9, 1.62021, 8709, 47433, 148.917, 3.73818, -1, -1
6, 0.0508191, 10646, 56293, 148.917, 3.80777, -1, -1
7, 1.10907, 8574, 46687, 24.238, 3.73675, -1, -1
8, 0.508766, 8574, 46686, 24.238, 3.73185, -1, -1
9, 1.56781, 8574, 46686, 24.238, 3.6976, -1, -1
6, 0.0439131, 10115, 53570, 24.238, 3.75781, -1, -1
7, 0.903256, 8498, 46264, 24.238, 3.70024, -1, -1
8, 0.509977, 8498, 46261, 24.238, 3.69754, -1, -1
9, 1.41171, 8498, 46261, 24.238, 3.67531, -1, -1
6, 0.103894, 16054, 85672, 20.6822, 4.01848, -1, -1
7, 1.88377, 10709, 58975, 13.0294, 3.72518, -1, -1
8, 0.673982, 10709, 58918, 13.0294, 3.71172, -1, -1
9, 1.82695, 10709, 58918, 7.38444, 3.61906, -1, -1
6, 0.0616627, 13213, 70785, 7.63577, 3.72821, -1, -1
7, 1.18819, 10632, 58599, 6.73188, 3.62322, -1, -1
8, 0.772186, 10632, 58566, 6.73188, 3.61885, -1, -1
9, 1.66925, 10632, 58566, 6.9917, 3.58132, -1, -1
7, 1.29022, 10374, 57132, 6.27439, 3.58053, -1, -1
4, 41.1958, 10374, 57132, 6.27439, 3.58053, -1, -1
5, 0.661548, 4797, 19593, 6.27439, 3.59052, -1, -1
0, 0, 10135, 20266, -1, -1, -1, -1
1, 27.7249, 1767, 3530, -1, -1, -1, -1
2, 0.0274075, 2017, 11296, -1, -1, -1, -1
3, 4.71282, 7952, 42262, 358459, 241.875, 0, -1
7, 4.66425, 1945, 10929, 399.385, 11.7022, -1, -1
6, 0.141546, 11903, 60083, 399.385, 8.83846, -1, -1
7, 1.93933, 4479, 23518, 399.385, 6.21141, -1, -1
8, 0.413835, 4479, 22639, 83.5274, 5.50459, -1, -1
9, 1.60333, 4479, 22639, 61.342, 4.93139, -1, -1
6, 0.0323483, 6426, 31469, 61.342, 4.78097, -1, -1
7, 1.7358, 4586, 23290, 43.9039, 4.77809, -1, -1
8, 0.275189, 4586, 23154, 43.9039, 4.66922, -1, -1
9, 1.45022, 4586, 23154, 43.8146, 4.5225, -1, -1
6, 0.0401231, 5752, 27928, 43.8146, 4.47978, -1, -1
7, 1.57425, 4582, 23204, 43.8146, 4.50666, -1, -1
8, 0.267456, 4582, 23157, 43.8146, 4.46238, -1, -1
9, 1.29282, 4582, 23157, 43.8146, 4.39624, -1, -1
6, 0.207338, 19149, 99640, 46.7048, 4.4711, -1, -1
7, 2.64445, 10017, 54273, 33.8028, 4.05078, -1, -1
8, 0.742733, 10017, 54115, 33.8028, 4.00751, -1, -1
9, 2.43135, 10017, 54115, 33.781, 3.78325, -1, -1
6, 0.0766599, 13785, 71542, 33.781, 3.88132, -1, -1
7, 1.57392, 9871, 53573, 33.781, 3.7699, -1, -1
8, 0.618723, 9871, 53521, 33.781, 3.76103, -1, -1
9, 1.96777, 9871, 53521, 28.5573, 3.67671, -1, -1
6, 0.0604943, 12412, 64645, 28.5573, 3.75783, -1, -1
7, 1.22786, 9757, 53043, 24.533, 3.68472, -1, -1
8, 0.603134, 9757, 53023, 24.533, 3.67981, -1, -1
9, 1.71933, 9757, 53023, 20.4474, 3.63627, -1, -1
6, 0.0516042, 11827, 61711, 20.4474, 3.70539, -1, -1
7, 0.954816, 9638, 52439, 20.4474, 3.64073, -1, -1
8, 0.603047, 9638, 52426, 20.4474, 3.63829, -1, -1
9, 1.58709, 9638, 52426, 20.4474, 3.61452, -1, -1
6, 0.22607, 23677, 126185, 22.6527, 4.03441, -1, -1
7, 2.51778, 15001, 82830, 16.5259, 3.76736, -1, -1
8, 1.1073, 15001, 82723, 13.1292, 3.75241, -1, -1
9, 2.3509, 15001, 82723, 13.0333, 3.61804, -1, -1
6, 0.0956459, 19575, 104443, 13.0333, 3.74463, -1, -1
7, 1.72226, 14890, 82369, 13.0333, 3.62238, -1, -1
8, 1.12544, 14890, 82332, 13.0333, 3.6191, -1, -1
9, 1.96363, 14890, 82332, 12.7663, 3.56715, -1, -1
6, 0.124677, 19535, 105758, 16.824, 3.74158, -1, -1
7, 1.90594, 16178, 89664, 9.4282, 3.62827, -1, -1
8, 1.22659, 16178, 89643, 7.89002, 3.62399, -1, -1
9, 1.99364, 16178, 89643, 7.43374, 3.57558, -1, -1
6, 0.0867939, 18030, 97702, 10.4875, 3.63689, -1, -1
7, 1.57421, 16075, 89152, 9.24537, 3.58188, -1, -1
8, 1.17713, 16075, 89147, 9.24537, 3.5807, -1, -1
9, 1.84513, 16075, 89147, 6.24263, 3.56104, -1, -1
7, 1.65143, 15903, 88188, 6.24263, 3.55969, -1, -1
4, 56.9914, 15903, 88188, 6.24263, 3.55969, -1, -1
5, 1.85853, 7436, 32682, 6.02945, 3.5721, -1, -1
0, 0, 25202, 50412, -1, -1, -1, -1
1, 151.686, 1615, 3238, -1, -1, -1, -1
2, 0.150281, 2007, 11512, -1, -1, -1, -1
3, 21.4188, 7666, 40919, 2.2269e+07, 2847.55, 0, -1
7, 20.8374, 2243, 12848, 2620.68, 10.7893, -1, -1
6, 0.217687, 14945, 74088, 3606.9, 7.30309, -1, -1
7, 16.1076, 6118, 31845, 413.869, 5.54202, -1, -1
8, 2.58316, 6118, 30886, 128.135, 4.80256, -1, -1
9, 7.42694, 6118, 30886, 61.1083, 4.42481, -1, -1
6, 0.0722568, 8755, 42949, 61.1083, 4.39301, -1, -1
7, 6.80805, 5990, 31274, 61.1083, 4.3551, -1, -1
8, 0.669509, 5990, 31183, 61.1083, 4.29258, -1, -1
9, 4.65472, 5990, 31183, 50.6078, 4.17721, -1, -1
6, 0.0536556, 7920, 38760, 50.6078, 4.17276, -1, -1
7, 4.87171, 5971, 31084, 37.8461, 4.17088, -1, -1
8, 0.970983, 5971, 31045, 37.8461, 4.14598, -1, -1
9, 5.28053, 5971, 31045, 35.6101, 4.09708, -1, -1
6, 0.0733774, 7604, 37225, 35.6101, 4.10015, -1, -1
7, 4.57087, 6000, 31227, 34.6403, 4.10743, -1, -1
8, 0.724626, 6000, 31203, 34.6403, 4.0918, -1, -1
9, 4.51823, 6000, 31203, 34.6403, 4.06282, -1, -1
6, 0.0286304, 7431, 36369, 34.6403, 4.07576, -1, -1
7, 5.00197, 5952, 31030, 34.6403, 4.06829, -1, -1
8, 0.556179, 5952, 31017, 34.6403, 4.06086, -1, -1
9, 3.73905, 5952, 31017, 34.6403, 4.04342, -1, -1
6, 0.487749, 24016, 124885, 34.6403, 4.37427, -1, -1
7, 13.0058, 12967, 70645, 34.6403, 3.96601, -1, -1
8, 1.43653, 12967, 70421, 34.6403, 3.9254, -1, -1
9, 6.373, 12967, 70421, 34.6403, 3.74331, -1, -1
6, 0.0988919, 18025, 93596, 34.6403, 3.85356, -1, -1
7, 4.42236, 12806, 69632, 34.6403, 3.73447, -1, -1
8, 1.5645, 12806, 69560, 34.6403, 3.7225, -1, -1
9, 5.49366, 12806, 69560, 18.536, 3.65186, -1, -1
6, 0.157755, 16496, 85849, 18.536, 3.74696, -1, -1
7, 4.93906, 12740, 69216, 18.536, 3.65676, -1, -1
8, 1.63281, 12740, 69178, 18.536, 3.65152, -1, -1
9, 4.86234, 12740, 69178, 18.536, 3.61501, -1, -1
6, 0.499443, 25623, 136155, 24.3176, 3.98011, -1, -1
7, 7.26479, 17356, 95530, 16.1164, 3.72921, -1, -1
8, 2.71793, 17356, 95441, 16.1164, 3.71653, -1, -1
9, 5.45338, 17356, 95441, 12.797, 3.61413, -1, -1
6, 0.155459, 21625, 115000, 12.797, 3.71985, -1, -1
7, 3.23902, 17150, 94489, 12.7489, 3.61725, -1, -1
8, 2.36773, 17150, 94472, 12.7489, 3.61384, -1, -1
9, 4.69301, 17150, 94472, 12.3646, 3.5716, -1, -1
6, 0.119185, 21974, 118195, 14.3112, 3.71595, -1, -1
7, 2.69144, 18249, 100668, 8.54478, 3.61238, -1, -1
8, 1.2781, 18249, 100671, 8.53464, 3.60965, -1, -1
9, 4.10536, 18249, 100671, 7.04962, 3.57046, -1, -1
6, 0.117523, 20561, 110675, 9.45542, 3.63248, -1, -1
7, 2.20305, 18197, 100482, 6.64407, 3.57727, -1, -1
8, 1.2552, 18197, 100472, 6.47349, 3.57635, -1, -1
9, 3.75214, 18197, 100472, 6.4051, 3.5588, -1, -1
7, 2.84197, 17949, 99118, 5.9692, 3.55702, -1, -1
4, 183.156, 17949, 99118, 5.9692, 3.55702, -1, -1
5, 3.97202, 8136, 33267, 5.9692, 3.59362, -1, -1
0, 0, 18746, 37500, -1, -1, -1, -1
1, 103.029, 1635, 3278, -1, -1, -1, -1
2, 0.0478948, 1851, 11349, -1, -1, -1, -1
3, 9.04201, 10868, 59038, 1.07778e+08, 6082.6, 0, -1
7, 10.9259, 2079, 12719, 1294.99, 13.2305, -1, -1
6, 0.126946, 10256, 52935, 1554.66, 9.83035, -1, -1
7, 4.58868, 4076, 22360, 1294.99, 7.69151, -1, -1
8, 0.337583, 4076, 21102, 329.582, 6.02328, -1, -1
9, 3.37473, 4076, 21102, 172.72, 5.40578, -1, -1
6, 0.0417632, 5963, 29414, 172.72, 5.14281, -1, -1
7, 2.82396, 4053, 20908, 172.72, 5.25385, -1, -1
8, 0.277165, 4053, 20754, 43.4606, 5.13237, -1, -1
9, 3.14956, 4053, 20754, 40.9315, 5.00652, -1, -1
6, 0.0392639, 5292, 25891, 40.9315, 4.87992, -1, -1
7, 2.49267, 4069, 20790, 40.9315, 4.97886, -1, -1
8, 0.262499, 4069, 20745, 40.9315, 4.93693, -1, -1
9, 2.17686, 4069, 20745, 40.9315, 4.88331, -1, -1
6, 0.189482, 20517, 105855, 40.0948, 4.76577, -1, -1
7, 3.67516, 9918, 53204, 32.5111, 4.19159, -1, -1
8, 0.878177, 9918, 52916, 21.0558, 4.11188, -1, -1
9, 4.07223, 9918, 52916, 19.1556, 3.8832, -1, -1
6, 0.0798328, 14251, 73206, 21.8737, 3.98512, -1, -1
7, 2.45184, 9847, 52546, 19.1556, 3.86554, -1, -1
8, 0.62049, 9847, 52450, 19.1556, 3.84105, -1, -1
9, 3.51747, 9847, 52450, 19.1556, 3.75586, -1, -1
6, 0.417576, 28980, 154006, 24.0746, 4.18282, -1, -1
7, 6.3553, 16978, 93359, 17.3109, 3.84174, -1, -1
8, 1.2342, 16978, 93177, 17.3109, 3.81879, -1, -1
9, 4.37821, 16978, 93177, 11.7755, 3.65187, -1, -1
6, 0.112584, 22030, 117621, 12.1758, 3.77216, -1, -1
7, 2.41731, 16854, 92637, 11.7755, 3.65224, -1, -1
8, 1.30147, 16854, 92566, 11.7755, 3.64736, -1, -1
9, 3.66349, 16854, 92566, 11.5123, 3.58759, -1, -1
6, 0.133784, 21874, 118469, 12.2539, 3.73351, -1, -1
7, 3.2355, 18112, 99551, 9.38714, 3.63228, -1, -1
8, 1.61709, 18112, 99538, 9.38714, 3.62916, -1, -1
9, 3.90573, 18112, 99538, 6.13532, 3.58175, -1, -1
7, 3.65142, 17610, 96824, 6.13532, 3.5791, -1, -1
4, 80.4208, 17610, 96824, 6.13532, 3.5791, -1, -1
5, 2.66923, 7873, 33489, 5.68018, 3.5955, -1, -1
-1, 1446.64, 7873, 33489, 5.68018, 3.5955, 0, 284
